﻿{
    "player": [
        {
            "name": "run",
            "startRow": 0,
            "startColumn": 1,
            "endRow": 7,
            "endColumn": 1,
            "playOnce": false,
            "pixelSize": 32,
            "pixelAbove": 0,
            "pixelLeft": 0
        },
        {
            "name": "walk",
            "startRow": 0,
            "startColumn": 1,
            "endRow": 7,
            "endColumn": 1,
            "playOnce": false,
            "pixelSize": 32,
            "pixelAbove": 0,
            "pixelLeft": 0

        },
        {
            "name": "jump",
            "startRow": 0,
            "startColumn": 1,
            "endRow": 7,
            "endColumn": 1,
            "playOnce": false,
            "pixelSize": 32,
            "pixelAbove": 0,
            "pixelLeft": 0

        },
        {
            "name": "idle",
            "startRow": 0,
            "startColumn": 1,
            "endRow": 0,
            "endColumn": 1,
            "playOnce": false,
            "pixelSize": 32,
            "pixelAbove": 0,
            "pixelLeft": 0
        },
        {
            "name": "attack",
            "startRow": 3,
            "startColumn": 0,
            "endRow": 8,
            "endColumn": 0,
            "playOnce": false,
            "pixelSize": 48,
            "pixelAbove": 64,
            "pixelLeft": 0
        },
        {
            "name": "altattack",
            "startRow": 0,
            "startColumn": 0,
            "endRow": 2,
            "endColumn": 0,
            "playOnce": false,
            "pixelSize": 52,
            "pixelAbove": 112,
            "pixelLeft": 0
        },
        {
            "name": "die",
            "startRow": 0,
            "startColumn": 0,
            "endRow": 10,
            "endColumn": 0,
            "playOnce": true,
            "pixelSize": 60,
            "pixelAbove": 164,
            "pixelLeft": 0
        }
    ],

    "enemy": [
        {
            "name": "run",
            "startRow": 0,
            "startColumn": 0,
            "endRow": 7,
            "endColumn": 0,
            "playOnce": false,
            "pixelSize": 32,
            "pixelAbove": 0,
            "pixelLeft": 0

        },
        {
            "name": "walk",
            "startRow": 0,
            "startColumn": 0,
            "endRow": 7,
            "endColumn": 0,
            "playOnce": false,
            "pixelSize": 32,
            "pixelAbove": 0,
            "pixelLeft": 0
        },
        {
            "name": "jump",
            "startRow": 0,
            "startColumn": 0,
            "endRow": 7,
            "endColumn": 0,
            "playOnce": false,
            "pixelSize": 32,
            "pixelAbove": 0,
            "pixelLeft": 0
        },
        {
            "name": "idle",
            "startRow": 0,
            "startColumn": 0,
            "endRow": 0,
            "endColumn": 0,
            "playOnce": false,
            "pixelSize": 32,
            "pixelAbove": 0,
            "pixelLeft": 0,
            "playOnce": false
        },
        {
            "name": "attack",
            "startRow": 3,
            "startColumn": 0,
            "endRow": 8,
            "endColumn": 0,
            "playOnce": false,
            "pixelSize": 48,
            "pixelAbove": 64,
            "pixelLeft": 0
        },
        {
            "name": "altattack",
            "startRow": 0,
            "startColumn": 2,
            "endRow": 11,
            "endColumn": 2,
            "playOnce": false,
            "pixelSize": 32,
            "pixelAbove": 0,
            "pixelLeft": 0
        },
        {
            "name": "die",
            "startRow": 0,
            "startColumn": 0,
            "endRow": 10,
            "endColumn": 0,
            "playOnce": true,
            "pixelSize": 60,
            "pixelAbove": 164,
            "pixelLeft": 0
        }
    ]
}