{
    "1": [
        {
            "speaker": "Resources/dialogitems/face.png",
            "plane": "Resources/dialogitems/face.png",
            "scene": "Resources/dialogitems/dialogbg.png",
            "text": "Hey Men. I lost my Teddybear! Please find it for me!"
        },
        {
            "speaker": "Resources/dialogitems/face.png",
            "plane": "Resources/dialogitems/face.png",
            "scene": "Resources/dialogitems/dialogbg.png",

            "text": "Just please watch out. There are some bad guys you have to kill!"
        }
    ]
}