{
    "Main_Menu": [
        {
            "name": "new game",
            "x": 0.2,
            "y": 0.3
        },

        {
            "name": "continue",
            "x": 0.2,
            "y": 0.4
        },

        {
            "name": "settings",
            "x": 0.2,
            "y": 0.5
        },

        {
            "name": "view credits",
            "x": 0.2,
            "y": 0.6
        },
        {
            "name": "help",
            "x": 0.2,
            "y": 0.7
        },
        {
            "name": "exit",
            "x": 0.2,
            "y": 0.8
        }
    ],

    "Settings": [
        {
            "name": "volume",
            "x": 0.2,
            "y": 0.3
        },

        {
            "name": "back",
            "x": 0.2,
            "y": 0.4
        }
    ],

    "Credits": [
        {
            "name": "niklas hinte",
            "x": 0.2,
            "y": 0.3
        },

        {
            "name": "jannis jahr",
            "x": 0.2,
            "y": 0.4
        },
        {
            "name": "hs bremen",
            "x": 0.2,
            "y": 0.5
        },
        {
            "name": "back",
            "x": 0.2,
            "y": 0.6
        }
    ],
    "Help": [
       
        {
            "name": "back",
            "x": 0.7,
            "y": 0.1
        }
    ]
}