{
    "1": [
        {
            "speaker": "Resources/Mr_Pug.png",
            "plane": "Resources/destroyedxwing.png",
            "scene": "Resources/explosion.jpg",
            "text": "MAYDAY, MAYDAY! Commander P. Ug speaking!\nDoes any- *zrkkk* -one hear *zrrk* me?\nPLEASE *zrrrkkk* HELP *zrrk*"
        },
        {
            "speaker": "Resources/Mr_Trump.png",
            "plane": "Resources/twing.png",
            "scene": "Resources/space.jpg",

            "text": "HAHAHA! YOU THINK YOU CAN STOP ME!\nI'm the Trumpinator!\nI will destroy you like a mexican god!\nHere, have a little taste of my army!"
        },
        {
            "speaker": "Resources/Mr_Pug.png",
            "plane": "Resources/destroyedxwing.png",
            "scene": "Resources/explosion.jpg",
            "text": "WE MUST *zrrrrrrk* ELIMINATE THAT *zrrrrrkrkrkrkr* SCUM!!!\n*ZRRRRRRK*\nDO YOUR BEST SOLDIER\n-Signal Lost-"
        },
        {
            "speaker": "Resources/instructor.png",
            "plane": "Resources/instructor.png",
            "scene": "Resources/space.jpg",

            "text": "Go destroy every ship that crosses your path!\nPress P if you need a pause and Arrow Up to buy a new Ship if you got the money!"
        }
    ]
}