{
  "Falcon": {
		"name": "Falcon",
		"maxHP": 1,
		"maxSpeed": 10,
		"SpriteBounds": [3,57,3,190],
		"price": 1000,
		"fireRateMS" : 300,
		"fireRateBigMS" : 1000
  },

  "Battlestar": {
		"name": "Battlestar",
		"maxHP": 2,
		"maxSpeed": 20,
		"SpriteBounds": [63,176,3,121],
		"price": 2000,
		"fireRateMS" : 250,
		"fireRateBigMS" : 900
  },

    "Destroyer": {
		"name": "Destroyer",
		"maxHP": 4,
		"maxSpeed": 30,
		"SpriteBounds": [182, 266, 3, 121],
		"price": 4000,
		"fireRateMS" : 200,
		"fireRateBigMS" : 850
  },

  "Crusher": {
		"name": "Crusher",
		"maxHP": 8,
		"maxSpeed": 40,
		"SpriteBounds": [268, 323, 0, 174],
		"price": 5000,
		"fireRateMS" : 180,
		"fireRateBigMS" : 800
  },

    "Deadbringer": {
		"name": "Deadbringer",
		"maxHP": 12,
		"maxSpeed": 40,
		"SpriteBounds": [327, 421, 0, 95],
		"price": 6000,
		"fireRateMS" : 180,
		"fireRateBigMS" : 800
  },

      "Ice": {
		"name": "Ice",
		"maxHP": 12,
		"maxSpeed": 60,
		"SpriteBounds": [424, 479, 0, 74],
		"price": 7000,
		"fireRateMS" : 150,
		"fireRateBigMS" : 1500
  },

      "Uber": {
		"name": "Uber",
		"maxHP": 14,
		"maxSpeed": 50,
		"SpriteBounds": [481, 560, 0, 75],
		"price": 8000,
		"fireRateMS" : 200,
		"fireRateBigMS" : 500
  },

        "Starlight": {
		"name": "Starlight",
		"maxHP": 12,
		"maxSpeed": 50,
		"SpriteBounds": [560, 633, 0, 81],
		"price": 10000,
		"fireRateMS" : 100,
		"fireRateBigMS" : 1000
  },

        "Rebel": {
		"name": "Rebel",
		"maxHP": 16,
		"maxSpeed": 60,
		"SpriteBounds": [638, 711, 0, 85],
		"price": 0,
		"fireRateMS" : 100,
		"fireRateBigMS" : 400
  }


}